date	editcount
2008-11-17	84
2008-11-16	77
2008-11-15	73
2008-11-14	82
2008-11-13	57
2008-11-12	77
2008-11-11	37
2008-11-10	36
2004-08-16	4
2008-11-19	38
2008-11-18	101
2004-05-27	4
2004-05-26	3
2004-05-25	5
2004-05-24	9
2004-05-23	8
2004-05-22	29
2004-05-21	27
2004-05-20	32
2002-08-12	1
2004-05-29	1
2004-05-28	7
2004-09-01	4
2012-07-01	21
2013-04-19	12
2013-04-18	24
2013-01-01	29
2013-01-03	25
2013-01-02	54
2013-01-05	30
2013-01-04	36
2013-01-07	30
2013-01-06	16
2013-01-09	16
2013-01-08	23
2006-12-30	115
2006-12-31	106
2014-03-31	39
2014-03-30	38
2012-03-29	37
2007-09-28	162
2005-05-31	36
2005-05-30	24
2005-06-20	20
2013-04-14	21
2008-07-30	120
2008-07-31	157
2010-01-16	47
2003-08-20	2
2012-03-19	32
2009-02-12	41
2010-05-08	25
2010-05-09	32
2012-03-11	29
2012-03-10	53
2010-05-04	68
2010-05-05	47
2012-03-15	45
2010-05-03	49
2012-03-17	21
2010-05-01	46
2008-04-28	93
2010-09-28	45
2012-02-24	32
2008-04-29	127
2009-02-16	47
2004-09-03	5
2012-03-24	42
2009-02-17	57
2004-09-07	10
2004-09-02	4
2009-02-14	71
2004-09-05	4
2012-02-20	35
2005-06-30	16
2004-09-04	12
2005-10-11	42
2005-10-10	58
2005-10-13	39
2005-10-12	61
2005-10-15	15
2005-10-14	30
2005-10-17	22
2005-10-16	25
2005-10-19	69
2005-10-18	26
2004-09-06	5
2012-03-25	40
2008-04-20	156
2004-09-08	6
2008-04-22	58
2014-08-09	8
2014-08-08	6
2008-04-23	67
2002-06-03	2
2014-08-01	5
2008-04-24	133
2014-08-03	12
2014-08-02	20
2014-08-05	26
2014-08-04	15
2014-08-07	16
2008-04-25	58
2011-05-07	44
2011-05-06	54
2011-05-05	25
2011-05-04	51
2011-05-03	43
2011-05-02	53
2011-05-01	114
2009-12-14	37
2011-05-09	65
2011-05-08	50
2003-11-03	6
2014-11-15	22
2014-11-16	11
2014-11-17	37
2014-11-10	10
2014-11-11	24
2003-11-05	1
2014-11-13	6
2003-11-09	2
2014-11-18	9
2014-11-19	14
2010-10-26	59
2012-04-10	22
2012-04-11	27
2012-04-12	30
2012-04-13	53
2012-04-14	25
2012-04-15	13
2012-04-16	39
2012-04-17	23
2012-04-18	34
2012-04-19	25
2006-08-21	75
2014-08-28	10
2009-10-31	35
2009-10-30	28
2004-03-31	1
2011-12-01	27
2011-06-30	68
2006-07-09	84
2006-07-08	75
2011-10-03	29
2011-10-02	37
2012-03-21	16
2011-10-04	28
2011-10-07	58
2011-10-06	23
2011-10-09	46
2011-10-08	57
2006-07-03	104
2006-07-02	100
2006-07-05	87
2006-07-04	127
2006-07-07	52
2006-07-06	106
2010-01-01	36
2011-02-09	80
2013-10-29	23
2010-07-02	119
2013-10-25	39
2013-10-24	14
2013-10-27	16
2010-07-03	117
2013-10-21	15
2013-10-20	20
2013-10-23	14
2013-10-22	11
2006-04-22	103
2006-04-23	82
2006-04-20	82
2006-04-21	89
2006-04-26	59
2006-04-27	59
2006-04-24	84
2006-04-25	60
2014-07-22	5
2006-04-28	74
2006-04-29	56
2012-07-19	12
2012-07-18	23
2012-03-23	22
2003-07-24	1
2003-07-25	5
2003-07-22	2
2003-07-23	4
2003-07-20	15
2004-02-23	2
2011-03-23	79
2004-02-20	8
2003-07-28	7
2003-07-29	2
2010-09-08	60
2010-09-09	47
2011-08-01	177
2010-09-02	71
2010-09-03	74
2010-09-01	22
2010-09-06	33
2010-09-07	58
2010-09-04	55
2010-09-05	56
2009-06-27	71
2009-06-26	70
2012-12-02	54
2012-12-03	40
2009-06-23	57
2009-06-22	96
2009-06-21	46
2009-06-20	74
2012-12-08	31
2008-06-05	131
2008-06-06	91
2008-06-07	78
2008-06-01	76
2009-06-29	93
2009-06-28	56
2010-08-22	64
2007-03-25	136
2007-09-01	259
2005-02-27	3
2012-07-31	20
2012-06-21	36
2005-01-08	7
2005-01-09	4
2012-02-01	20
2012-06-20	34
2012-11-17	34
2005-01-01	5
2005-01-02	63
2005-01-03	25
2005-01-04	13
2005-01-05	8
2005-01-06	12
2005-01-07	12
2014-04-16	23
2014-04-17	11
2014-04-14	18
2014-04-15	14
2014-04-12	13
2012-06-25	39
2014-04-10	25
2014-04-11	16
2009-07-06	132
2012-06-24	26
2014-04-18	15
2014-04-19	15
2008-05-12	109
2008-05-13	87
2008-05-10	70
2008-05-11	82
2008-05-16	77
2008-05-17	90
2008-05-14	74
2008-05-15	70
2013-04-16	20
2005-02-17	2
2008-05-18	122
2008-05-19	60
2005-02-12	7
2005-02-13	7
2005-02-10	13
2005-02-11	19
2006-11-06	34
2009-11-18	63
2009-11-19	50
2012-11-29	21
2007-01-25	85
2012-11-27	31
2009-11-13	29
2009-11-10	46
2012-11-24	28
2012-11-23	41
2009-07-08	115
2009-11-14	46
2012-11-20	28
2009-05-18	66
2006-11-05	86
2004-02-25	3
2007-01-20	79
2003-10-18	5
2007-01-21	86
2003-10-17	5
2012-11-18	45
2006-11-01	75
2012-12-14	8
2012-12-21	43
2011-12-09	44
2013-05-30	11
2013-05-31	13
2004-07-05	23
2011-10-29	47
2002-12-31	1
2009-04-30	71
2007-06-30	200
2004-08-02	10
2004-10-28	5
2013-01-30	16
2013-01-31	22
2013-03-27	27
2006-12-25	95
2006-12-24	114
2006-12-27	102
2006-12-26	113
2006-12-21	255
2006-12-20	109
2006-12-23	181
2006-12-22	179
2014-03-04	15
2014-03-05	11
2014-03-06	20
2013-07-13	24
2006-12-29	100
2006-12-28	120
2014-03-02	6
2014-03-03	22
2012-12-27	29
2008-08-05	61
2005-09-21	64
2010-01-03	114
2005-05-06	8
2005-05-07	26
2010-01-06	59
2010-01-07	72
2010-01-04	68
2010-01-05	119
2010-01-08	38
2010-01-09	47
2005-05-08	10
2005-05-09	17
2013-07-19	30
2005-04-01	15
2012-12-13	21
2010-11-02	80
2013-10-17	18
2012-01-28	26
2012-09-03	22
2005-09-28	41
2005-09-29	42
2005-09-26	47
2005-09-27	81
2005-09-24	35
2005-09-25	22
2005-09-22	35
2005-09-23	59
2005-09-20	35
2012-09-05	22
2004-07-29	20
2004-07-28	14
2010-05-19	50
2010-05-18	41
2010-10-10	72
2010-05-15	129
2010-05-14	44
2004-07-23	10
2010-05-16	101
2010-05-11	44
2010-05-10	29
2010-05-13	54
2010-05-12	37
2014-07-17	8
2014-07-16	12
2013-11-28	35
2013-04-09	39
2013-09-17	12
2005-06-23	61
2005-06-22	44
2005-06-21	21
2013-11-29	32
2005-06-27	8
2005-06-26	34
2005-06-25	46
2005-06-24	32
2008-09-23	62
2005-06-29	19
2005-06-28	19
2012-01-30	31
2014-07-12	11
2005-10-24	42
2005-10-25	33
2005-10-26	47
2005-10-27	39
2005-10-20	39
2005-10-21	54
2005-10-22	44
2005-10-23	35
2014-07-10	37
2005-10-28	34
2005-10-29	57
2013-03-26	16
2011-12-11	53
2009-10-22	52
2012-01-27	29
2014-08-30	21
2014-08-31	19
2013-11-24	26
2012-01-24	29
2013-11-25	99
2012-09-04	8
2005-07-17	810
2005-02-08	7
2012-03-13	25
2012-04-07	23
2012-04-06	31
2012-04-05	34
2012-04-04	44
2012-04-03	13
2012-04-02	44
2012-04-01	50
2012-08-19	18
2012-04-09	41
2012-04-08	27
2012-03-12	37
2003-06-01	1
2011-10-27	43
2011-10-30	35
2011-10-31	51
2006-07-30	62
2006-07-31	117
2004-09-18	6
2012-07-28	31
2013-10-11	11
2013-10-12	14
2013-10-13	24
2013-10-14	23
2013-03-16	62
2013-10-16	43
2004-08-14	17
2013-10-18	16
2012-07-21	40
2012-07-22	10
2012-07-23	48
2012-07-24	29
2012-07-25	19
2012-07-26	27
2012-07-27	35
2004-03-25	9
2004-03-24	1
2014-11-09	6
2012-10-09	17
2004-09-19	4
2004-03-20	11
2004-03-23	11
2004-03-22	14
2014-11-03	9
2014-11-02	25
2014-11-01	11
2004-03-29	2
2014-11-06	14
2014-11-05	15
2007-09-21	139
2011-08-26	50
2010-03-14	65
2004-08-13	4
2011-08-27	50
2012-01-22	44
2004-08-12	10
2012-01-21	51
2010-03-12	44
2010-09-19	70
2010-09-18	37
2011-08-25	57
2003-03-26	2
2012-01-20	31
2007-11-30	89
2003-03-25	1
2010-09-11	45
2010-09-10	40
2010-09-13	46
2010-09-12	59
2010-09-15	66
2010-09-14	75
2010-09-17	75
2011-08-23	67
2012-12-17	25
2008-06-12	133
2008-06-11	89
2009-12-21	58
2008-06-17	146
2008-06-16	79
2008-06-15	121
2008-06-14	87
2013-10-19	13
2012-10-06	19
2009-12-28	77
2008-06-18	139
2012-12-19	15
2012-10-07	10
2008-01-16	98
2008-01-17	139
2008-01-14	101
2008-01-15	111
2008-01-12	112
2008-01-13	192
2008-01-10	114
2008-01-11	125
2007-02-04	119
2008-01-18	134
2008-01-19	150
2011-12-19	38
2005-01-19	6
2005-01-18	8
2005-01-17	10
2005-01-16	7
2005-01-15	19
2005-01-14	12
2005-01-13	14
2005-01-12	14
2005-01-11	13
2005-01-10	11
2014-04-05	17
2014-04-04	16
2014-04-07	35
2014-04-06	21
2014-04-01	15
2014-04-03	13
2014-04-02	9
2014-04-09	20
2014-04-08	26
2008-05-01	49
2013-06-01	10
2008-05-03	98
2013-06-03	9
2008-05-05	81
2008-05-04	90
2002-11-17	6
2008-05-06	98
2005-02-05	35
2008-05-08	129
2005-02-07	6
2005-02-06	6
2005-02-01	3
2005-02-03	3
2005-02-02	2
2009-11-09	39
2009-11-08	110
2014-02-07	13
2014-07-28	7
2008-09-19	72
2008-09-16	80
2008-09-17	92
2008-09-14	61
2008-09-15	63
2008-09-12	83
2014-07-23	12
2008-09-10	73
2008-09-11	45
2014-08-06	8
2003-01-12	1
2012-02-10	29
2005-04-10	5
2013-05-29	14
2013-05-28	24
2002-07-27	1
2013-05-26	11
2013-05-25	12
2013-05-24	12
2013-05-23	16
2002-07-22	1
2002-07-21	1
2013-05-20	13
2013-10-07	8
2013-10-06	24
2012-02-11	22
2005-04-11	8
2009-04-29	54
2009-04-28	51
2007-06-29	182
2007-06-28	160
2007-06-25	211
2009-04-20	61
2007-06-27	202
2007-06-26	135
2007-06-21	152
2007-06-20	165
2007-06-23	157
2007-06-22	175
2010-08-21	28
2013-01-29	14
2013-01-28	61
2013-10-01	24
2012-03-18	51
2013-01-23	16
2013-01-22	48
2013-01-21	51
2013-01-20	13
2013-01-27	22
2013-01-26	24
2002-03-25	3
2013-01-24	8
2004-03-10	15
2004-03-11	2
2010-01-02	69
2007-02-09	153
2001-12-13	2
2014-03-12	6
2001-12-11	3
2001-12-10	6
2014-03-17	23
2014-03-16	45
2014-03-15	28
2014-03-14	22
2014-03-19	24
2014-03-18	13
2004-04-13	1
2010-05-06	43
2005-05-19	15
2005-05-18	17
2004-03-16	8
2010-05-07	30
2005-05-13	19
2005-05-12	30
2005-05-11	33
2005-05-10	19
2005-05-17	15
2005-05-16	16
2005-05-15	23
2005-05-14	23
2010-01-11	62
2010-01-10	147
2010-01-13	114
2004-07-31	6
2010-01-15	69
2010-01-14	70
2010-01-17	26
2014-02-01	16
2010-01-19	62
2010-01-18	60
2012-03-14	36
2004-06-16	10
2012-03-16	27
2010-10-12	67
2005-09-30	42
2004-06-12	11
2010-05-20	37
2010-05-21	45
2010-05-22	28
2010-05-23	32
2004-07-18	15
2004-07-19	3
2010-05-26	33
2010-05-27	52
2004-07-14	58
2010-05-29	39
2004-07-16	12
2004-07-10	5
2004-07-11	2
2004-07-12	17
2004-07-13	20
2008-10-30	26
2008-10-31	30
2006-12-18	78
2006-12-19	85
2006-12-10	123
2006-12-11	117
2006-12-12	77
2006-12-13	70
2006-12-14	73
2006-12-15	93
2006-12-16	85
2006-12-17	80
2010-05-28	40
2004-05-06	2
2014-08-23	4
2014-08-22	6
2014-08-21	19
2014-08-20	10
2014-08-27	14
2014-08-26	7
2014-08-25	31
2014-08-24	45
2014-08-29	14
2013-03-22	34
2003-12-03	2
2003-12-01	5
2003-12-06	11
2003-12-07	20
2003-12-04	6
2003-12-05	3
2003-12-08	2
2005-07-06	20
2011-04-28	52
2011-04-29	59
2011-04-22	72
2011-04-23	39
2011-04-20	62
2011-04-21	76
2011-04-26	53
2011-04-27	36
2011-04-24	68
2011-04-25	73
2014-01-26	15
2011-11-29	49
2007-10-04	104
2004-10-06	6
2014-06-09	19
2005-10-31	51
2005-10-30	66
2004-10-05	15
2010-09-29	34
2006-07-23	81
2006-07-22	83
2006-07-21	81
2006-07-20	74
2006-07-27	78
2006-07-26	85
2006-07-25	88
2006-07-24	64
2004-05-01	1
2006-07-29	56
2006-07-28	85
2011-08-28	137
2011-08-29	163
2002-09-24	1
2002-09-21	1
2004-10-01	10
2008-02-28	80
2008-02-29	74
2008-02-26	95
2008-02-27	108
2008-02-24	71
2008-02-25	49
2008-02-22	99
2008-02-23	125
2008-02-20	99
2008-02-21	111
2004-03-18	6
2004-03-19	6
2013-10-05	14
2013-10-04	11
2013-10-03	11
2013-10-02	7
2007-10-06	166
2007-02-07	139
2010-09-20	68
2004-03-12	6
2004-03-13	18
2004-03-14	12
2004-03-15	13
2013-10-09	10
2012-07-30	19
2006-04-04	66
2006-04-05	63
2006-04-06	88
2006-04-07	105
2006-04-01	112
2006-04-02	118
2006-04-03	96
2006-04-08	80
2006-04-09	86
2007-02-06	93
2014-10-14	19
2007-11-25	120
2007-11-24	111
2007-11-27	181
2007-11-26	85
2007-11-21	88
2007-11-20	111
2007-11-23	123
2007-11-22	76
2010-09-24	49
2010-09-25	41
2010-09-26	95
2010-09-27	61
2007-11-29	74
2007-11-28	75
2010-09-22	32
2010-09-23	70
2009-12-31	62
2009-12-30	77
2004-10-29	3
2009-05-01	60
2008-01-05	170
2008-01-04	198
2008-01-07	108
2008-01-06	163
2008-01-01	83
2008-01-03	247
2008-01-02	153
2011-10-23	24
2011-10-22	42
2011-10-21	45
2011-10-20	55
2008-01-09	104
2008-01-08	90
2011-10-25	40
2011-10-24	35
2007-01-08	115
2007-01-09	136
2007-01-02	158
2007-01-03	111
2007-01-01	130
2007-01-06	99
2007-01-07	125
2007-01-04	135
2007-01-05	96
2014-07-31	40
2008-03-07	63
2004-03-06	8
2013-06-17	16
2002-11-25	9
2002-11-26	7
2002-11-27	22
2008-05-30	80
2008-05-31	49
2013-06-11	15
2013-06-10	16
2012-08-14	25
2002-11-29	3
2002-04-19	2
2013-06-18	20
2012-09-26	25
2012-09-27	32
2012-09-24	25
2011-10-28	52
2008-09-09	112
2012-09-23	90
2012-09-20	10
2012-09-21	20
2008-09-05	61
2008-09-04	29
2008-09-07	67
2008-09-06	106
2009-11-30	94
2014-07-30	12
2012-09-28	20
2008-09-02	95
2006-01-24	50
2009-03-29	78
2007-09-02	230
2007-09-03	252
2004-03-04	1
2007-09-06	207
2007-09-07	131
2007-09-04	261
2007-09-05	162
2007-09-08	165
2007-09-09	216
2007-02-21	81
2007-02-20	114
2007-02-23	73
2007-02-22	115
2007-02-25	102
2007-02-24	54
2007-02-27	76
2007-02-26	90
2007-02-28	71
2008-03-04	93
2011-10-26	56
2004-03-03	5
2004-12-18	11
2004-12-19	8
2005-04-06	5
2004-12-12	14
2004-12-13	14
2004-12-10	15
2004-12-11	6
2004-12-16	17
2005-04-05	13
2004-12-14	15
2014-02-11	53
2009-05-02	30
2005-04-04	14
2009-12-23	73
2005-04-03	14
2014-09-10	14
2004-03-02	4
2007-06-10	151
2007-06-11	146
2007-06-12	154
2007-06-13	96
2007-06-14	150
2007-06-15	153
2007-06-16	111
2007-06-17	135
2009-04-14	33
2007-06-19	219
2009-04-16	74
2009-04-17	84
2009-04-10	50
2009-04-11	83
2009-04-12	41
2009-04-13	71
2012-12-26	32
2011-03-09	39
2014-04-30	7
2011-09-15	47
2011-11-25	44
2014-10-28	10
2011-09-10	76
2014-10-29	22
2011-09-11	73
2012-06-09	45
2012-06-08	23
2008-09-24	46
2012-12-24	30
2009-12-26	27
2010-01-24	71
2008-08-11	46
2010-01-26	30
2010-01-27	40
2010-01-20	46
2010-01-21	54
2010-01-22	25
2008-08-10	51
2010-01-28	35
2010-01-29	41
2008-08-12	52
2011-02-07	56
2009-05-22	78
2012-12-25	23
2009-05-23	88
2005-09-01	52
2005-09-02	63
2005-09-03	84
2005-09-04	81
2005-09-05	27
2005-09-06	43
2005-09-07	36
2005-09-08	20
2005-09-09	48
2008-08-16	121
2003-11-01	1
2004-07-03	6
2004-07-02	19
2004-07-01	14
2004-07-07	12
2004-07-06	13
2010-05-31	70
2010-05-30	53
2004-07-09	13
2004-07-08	14
2003-11-06	2
2008-10-21	51
2008-10-20	54
2008-10-23	77
2008-10-22	80
2008-10-25	75
2008-10-24	71
2008-10-27	69
2008-10-26	112
2008-10-29	54
2008-10-28	91
2002-05-30	1
2006-12-09	90
2006-03-19	130
2006-12-07	118
2006-12-06	94
2006-12-05	150
2006-12-04	133
2006-12-03	150
2006-12-02	131
2006-12-01	96
2006-03-11	61
2003-08-12	11
2008-03-14	108
2003-08-16	1
2003-08-17	2
2003-08-14	14
2007-07-12	421
2003-08-18	41
2003-08-19	2
2008-03-16	141
2002-04-14	1
2008-03-10	88
2012-11-16	37
2008-03-11	132
2005-08-21	54
2007-07-15	411
2008-06-13	108
2007-07-14	360
2005-08-23	92
2004-08-18	8
2003-12-11	2
2003-12-10	11
2003-12-13	3
2005-08-22	57
2003-12-15	20
2003-12-17	2
2003-12-16	8
2003-12-19	5
2005-08-25	64
2006-11-14	65
2005-08-24	69
2013-08-26	9
2011-04-30	44
2008-11-23	54
2013-08-27	7
2012-01-29	47
2005-08-29	80
2013-06-19	15
2013-08-29	16
2003-07-08	7
2003-07-09	1
2004-08-19	14
2012-09-25	19
2012-09-22	26
2008-09-08	65
2002-09-19	5
2011-08-31	56
2009-04-04	45
2009-08-30	93
2009-08-31	91
2003-07-01	10
2010-11-14	152
2003-07-02	10
2006-01-19	47
2006-04-19	71
2006-04-18	137
2004-03-09	20
2004-03-08	12
2006-04-13	46
2008-09-01	109
2006-04-11	127
2006-04-10	66
2006-04-17	143
2006-04-16	85
2006-04-15	85
2006-04-14	45
2010-11-18	219
2011-08-24	46
2006-02-27	77
2008-09-03	117
2006-01-15	123
2012-09-29	75
2007-11-18	129
2007-11-19	84
2006-01-17	67
2007-11-10	135
2007-11-11	110
2007-11-12	126
2007-11-13	154
2007-11-14	90
2007-11-15	104
2007-11-16	132
2007-11-17	151
2003-03-04	4
2010-04-01	73
2003-03-06	2
2010-09-30	66
2002-03-21	7
2008-10-01	60
2010-11-05	51
2009-12-04	37
2009-12-05	93
2009-12-06	167
2009-12-07	84
2012-01-26	60
2009-12-01	63
2009-12-02	67
2009-12-03	47
2008-01-30	96
2008-10-07	51
2009-12-08	69
2009-12-09	71
2011-08-22	73
2008-10-06	64
2012-05-28	42
2012-05-29	48
2008-10-05	71
2012-05-22	47
2012-05-23	30
2012-05-20	41
2010-04-06	73
2012-05-26	24
2012-05-27	41
2012-05-24	18
2012-05-25	36
2007-01-19	111
2007-01-18	84
2014-04-29	53
2014-04-28	21
2007-01-11	98
2007-01-10	93
2007-01-13	137
2007-01-12	136
2007-01-15	125
2007-01-14	132
2007-01-17	93
2007-01-16	98
2008-05-29	107
2008-05-28	76
2014-04-27	7
2008-05-23	75
2008-05-22	102
2008-05-21	91
2008-05-20	103
2008-05-27	69
2008-05-26	94
2008-05-25	125
2008-05-24	83
2007-05-06	173
2007-05-07	166
2007-05-04	142
2007-05-05	88
2007-05-02	205
2007-05-03	102
2005-02-21	4
2007-05-01	139
2004-11-28	3
2004-11-29	21
2007-05-08	159
2007-05-09	159
2008-09-30	78
2014-07-01	33
2009-11-21	49
2009-11-20	58
2009-11-27	54
2012-09-30	78
2009-11-25	52
2003-07-18	2
2014-07-08	15
2014-07-09	15
2003-07-15	1
2009-11-28	63
2012-10-08	19
2003-07-10	6
2011-10-01	34
2011-08-21	60
2003-10-07	1
2007-09-11	124
2004-08-07	28
2007-09-13	90
2007-09-12	128
2007-09-15	192
2004-08-03	50
2007-09-17	188
2007-09-16	196
2007-09-19	136
2007-09-18	135
2004-08-08	20
2004-08-09	20
2007-02-14	104
2007-02-15	105
2007-02-16	113
2007-02-17	125
2007-02-10	121
2007-02-11	115
2007-02-12	154
2007-02-13	82
2007-02-18	71
2007-02-19	112
2004-12-09	3
2006-07-01	93
2003-02-01	3
2005-03-18	7
2004-12-01	11
2004-12-03	38
2004-12-02	18
2004-12-05	34
2004-12-04	7
2004-12-07	5
2004-12-06	24
2004-04-02	2
2004-04-03	3
2004-04-01	6
2004-04-06	6
2004-04-07	2
2004-04-04	7
2004-04-08	3
2007-06-07	151
2007-06-06	103
2007-06-05	256
2007-06-04	152
2007-06-03	121
2007-06-02	111
2006-08-28	72
2006-08-29	59
2006-08-26	59
2006-08-27	48
2006-08-24	69
2006-08-25	121
2006-08-22	87
2006-08-23	79
2007-06-09	148
2007-06-08	125
2013-05-21	41
2009-03-16	56
2007-12-23	119
2014-05-25	22
2004-08-06	15
2004-02-26	1
2010-06-18	64
2010-06-19	86
2004-01-26	1
2011-03-16	54
2011-03-17	65
2011-03-14	53
2011-03-15	28
2011-03-12	45
2011-03-13	54
2011-03-10	54
2011-03-11	64
2010-01-31	63
2010-01-30	62
2011-03-18	43
2011-03-19	32
2012-11-19	40
2012-10-02	40
2010-06-10	58
2010-06-11	43
2004-03-17	9
2009-10-21	77
2005-09-17	10
2005-09-16	17
2005-09-15	22
2005-09-14	24
2005-09-13	33
2005-09-12	36
2005-09-11	43
2005-09-10	22
2004-01-24	1
2005-09-19	35
2005-09-18	22
2011-12-18	37
2010-04-18	66
2010-04-19	48
2012-09-09	32
2008-03-17	107
2010-04-12	55
2010-04-13	46
2010-04-10	65
2010-04-11	68
2010-04-16	50
2010-04-17	34
2010-04-14	92
2010-04-15	55
2008-10-14	86
2008-10-15	62
2008-10-16	55
2008-10-17	46
2008-10-10	74
2008-10-11	62
2008-10-12	76
2008-10-13	83
2008-10-18	57
2008-10-19	66
2004-12-17	11
2010-03-26	36
2010-03-27	49
2010-03-24	44
2010-03-25	69
2006-03-09	90
2006-03-08	75
2010-03-20	148
2010-03-21	120
2006-03-05	75
2006-03-04	92
2006-03-07	92
2006-03-06	78
2006-03-01	45
2006-03-03	58
2006-03-02	97
2003-08-01	1
2003-08-03	6
2003-08-02	1
2003-08-05	23
2003-08-04	9
2003-08-07	4
2003-08-06	9
2003-08-09	2
2003-08-08	1
2012-07-15	32
2004-02-10	7
2013-10-28	16
2010-12-14	104
2012-07-17	16
2003-12-25	21
2012-07-16	34
2011-08-20	100
2003-12-21	3
2003-12-22	6
2003-12-23	13
2012-07-11	37
2012-07-10	34
2004-01-28	1
2011-04-08	30
2011-04-09	42
2002-03-26	1
2011-04-04	52
2011-04-05	50
2011-04-06	66
2011-04-07	25
2011-04-01	28
2011-04-02	32
2011-04-03	86
2005-12-26	45
2005-12-27	65
2005-12-24	80
2005-12-25	63
2005-12-22	55
2005-12-23	70
2005-12-20	71
2005-12-21	74
2005-12-28	52
2005-12-29	70
2009-05-03	52
2012-10-04	34
2005-04-30	8
2009-04-18	54
2009-04-19	65
2012-10-05	12
2003-12-30	1
2009-08-29	66
2009-08-28	42
2009-08-25	53
2009-08-24	62
2009-08-27	76
2009-08-26	63
2009-08-21	34
2009-08-20	78
2009-08-23	63
2014-01-22	7
2008-02-01	89
2008-02-02	120
2008-02-03	101
2008-02-04	124
2008-02-05	94
2008-02-06	105
2008-02-07	89
2008-02-08	78
2008-02-09	134
2009-04-08	24
2014-07-24	7
2003-07-21	2
2009-10-29	29
2009-06-06	49
2009-11-03	50
2012-05-07	25
2003-03-19	1
2007-11-09	88
2007-11-08	86
2007-11-07	107
2007-11-06	94
2007-11-05	95
2007-11-04	111
2007-11-03	100
2007-11-02	148
2007-11-01	148
2013-02-04	26
2009-12-19	58
2009-12-18	55
2010-05-02	76
2009-05-24	64
2013-02-05	26
2009-12-13	61
2009-12-12	82
2009-12-11	56
2009-12-10	72
2009-12-17	45
2009-12-16	44
2009-12-15	48
2012-02-26	30
2005-06-11	18
2008-01-29	88
2008-01-28	121
2008-01-27	102
2008-01-26	106
2008-01-25	129
2008-01-24	89
2008-01-23	126
2008-01-22	126
2008-01-21	170
2008-01-20	134
2011-08-08	123
2011-08-09	79
2013-02-02	30
2012-05-31	25
2012-05-30	24
2011-08-02	195
2011-08-03	164
2011-08-04	159
2011-08-05	111
2011-08-06	93
2011-08-07	134
2009-07-02	68
2009-07-03	48
2009-07-01	76
2007-01-28	117
2007-01-29	90
2006-11-08	54
2006-11-09	50
2007-01-24	123
2006-11-07	77
2006-11-04	106
2009-07-09	162
2006-11-02	68
2006-11-03	85
2007-01-22	108
2007-01-23	99
2007-10-07	140
2012-02-25	22
2012-09-08	26
2007-05-14	95
2007-05-17	140
2007-05-16	181
2007-05-11	184
2007-05-10	136
2007-05-13	100
2007-05-12	111
2012-09-01	12
2012-09-02	30
2007-10-03	139
2007-05-19	91
2007-05-18	98
2012-09-06	33
2012-09-07	23
2008-09-27	118
2008-09-26	73
2008-09-25	96
2014-07-14	12
2014-07-13	6
2008-09-22	50
2008-09-21	96
2008-09-20	71
2013-11-22	9
2004-10-21	8
2013-11-20	17
2013-11-21	16
2013-11-26	30
2013-11-27	16
2008-09-29	117
2008-09-28	111
2012-12-01	13
2007-10-08	137
2012-12-04	15
2009-06-25	95
2009-05-20	62
2011-06-18	50
2004-08-15	10
2007-09-25	162
2007-09-26	125
2007-02-08	123
2007-09-20	129
2004-08-10	11
2007-09-22	163
2007-09-23	133
2007-02-03	99
2007-02-02	187
2007-02-01	217
2012-10-01	32
2007-10-27	180
2007-09-29	227
2007-02-05	106
2008-06-09	66
2012-08-17	12
2012-12-06	36
2005-07-11	58
2012-12-07	68
2005-07-10	69
2008-06-04	86
2012-08-12	8
2012-12-09	48
2005-07-12	45
2004-12-30	8
2004-12-31	6
2004-04-11	2
2004-04-10	5
2009-07-24	241
2004-04-12	4
2004-04-15	4
2004-04-17	1
2004-04-16	1
2004-04-19	4
2012-01-16	65
2008-12-04	115
2008-06-02	70
2008-06-03	98
2006-08-31	114
2006-08-30	54
2009-07-25	239
2009-03-07	97
2009-07-26	183
2010-07-22	63
2010-07-23	58
2010-07-20	64
2010-07-21	54
2010-07-26	45
2010-07-27	36
2010-07-24	60
2010-07-25	44
2010-07-28	50
2010-07-29	71
2011-03-05	35
2011-03-04	40
2011-03-07	60
2011-03-06	37
2011-03-01	31
2011-03-03	59
2011-03-02	44
2009-07-27	271
2011-03-08	67
2012-12-05	14
2006-11-23	64
2010-11-26	214
2013-07-30	19
2013-07-31	37
2009-07-20	344
2011-07-12	144
2011-07-13	164
2011-07-10	178
2011-07-11	102
2011-07-16	361
2011-07-17	381
2011-07-14	177
2011-07-15	280
2011-07-18	256
2011-07-19	265
2010-04-09	57
2010-04-08	68
2008-10-09	52
2008-10-08	55
2008-10-03	57
2008-10-02	37
2010-04-03	53
2010-04-02	53
2010-04-05	55
2010-04-04	69
2010-04-07	49
2008-10-04	105
2013-03-30	15
2013-03-31	22
2006-03-30	91
2006-03-31	146
2005-04-26	6
2010-03-31	61
2010-03-30	78
2009-07-22	273
2011-05-29	77
2014-07-15	28
2013-05-11	11
2005-03-08	7
2010-02-06	47
2012-01-17	32
2003-08-30	8
2003-08-31	17
2010-01-25	56
2012-01-15	38
2009-01-21	38
2009-07-23	234
2012-01-13	27
2004-08-26	19
2010-02-09	56
2012-01-12	24
2010-02-08	48
2012-01-11	34
2010-01-23	60
2005-04-28	4
2014-01-23	5
2011-05-22	69
2009-11-04	40
2014-04-13	8
2011-04-13	39
2011-04-12	57
2011-04-11	56
2011-04-10	86
2011-04-17	89
2011-04-16	55
2011-04-15	44
2011-04-14	47
2011-04-19	58
2011-04-18	77
2014-07-26	10
2002-04-12	3
2005-12-31	102
2005-12-30	113
2006-04-12	77
2009-08-15	62
2014-02-10	31
2008-12-17	40
2014-02-12	24
2002-04-11	2
2005-04-25	14
2005-04-24	6
2005-04-27	9
2014-02-13	10
2005-04-21	2
2005-04-20	6
2005-04-23	16
2005-04-22	7
2014-02-14	18
2005-04-29	17
2004-03-21	19
2014-02-15	5
2009-08-10	107
2009-08-11	113
2009-08-12	93
2009-08-13	88
2009-08-14	42
2008-12-10	105
2009-08-16	62
2009-08-17	68
2014-06-15	33
2009-08-19	81
2008-12-11	34
2002-04-10	5
2008-02-17	151
2008-02-16	106
2008-02-15	84
2008-02-14	90
2008-02-13	79
2008-02-12	100
2013-08-08	18
2013-08-09	33
2013-08-06	34
2013-08-07	11
2014-04-26	5
2013-08-05	15
2013-08-02	18
2009-12-22	61
2008-02-19	158
2008-02-18	143
2005-02-18	3
2006-01-30	52
2006-01-31	81
2010-11-30	84
2012-08-03	18
2007-09-10	159
2005-02-14	12
2002-11-09	3
2008-02-11	68
2009-07-29	232
2003-09-21	1
2014-01-24	8
2012-08-02	20
2007-12-08	124
2007-12-09	95
2007-12-06	80
2007-12-07	85
2007-12-04	73
2007-12-05	83
2007-12-02	116
2007-12-03	104
2007-12-01	93
2009-11-17	25
2011-12-10	29
2014-07-27	14
2006-02-26	50
2014-11-14	15
2012-08-01	19
2013-08-03	22
2012-05-08	50
2012-05-09	33
2011-08-19	86
2011-08-18	54
2011-08-17	109
2012-05-05	34
2012-05-06	24
2013-08-01	28
2011-08-13	91
2011-08-12	85
2012-05-02	31
2011-08-10	153
2009-07-11	184
2009-07-10	120
2009-07-13	254
2009-07-12	184
2009-07-15	410
2006-11-18	110
2006-05-30	118
2006-05-31	124
2009-07-19	389
2009-07-18	397
2006-11-17	84
2006-11-16	77
2006-11-11	74
2006-11-10	51
2006-11-13	81
2006-11-12	61
2007-05-28	141
2007-05-29	196
2014-04-22	13
2009-11-22	65
2012-11-26	44
2007-05-20	145
2007-05-21	146
2007-05-22	133
2007-05-23	110
2007-05-24	90
2007-05-25	118
2007-05-26	166
2007-05-27	148
2004-11-04	2
2004-11-05	5
2004-11-06	12
2006-05-13	61
2004-11-01	2
2012-09-19	16
2012-09-18	41
2012-09-17	20
2012-09-16	36
2012-09-15	22
2012-09-14	36
2012-09-13	12
2012-09-12	28
2012-09-11	27
2012-09-10	20
2014-04-21	6
2012-11-21	16
2013-11-30	37
2009-11-15	43
2011-11-06	34
2011-11-07	42
2011-11-04	28
2011-11-05	32
2011-11-02	48
2011-11-03	44
2011-11-01	57
2004-08-20	4
2004-08-21	22
2004-08-22	4
2007-09-30	213
2004-08-24	1
2004-08-25	10
2011-11-08	44
2004-08-27	5
2012-10-19	23
2012-10-18	10
2009-07-31	141
2006-03-18	137
2012-10-11	28
2012-10-10	42
2012-10-13	42
2012-10-12	20
2012-10-15	31
2012-10-14	26
2012-10-17	27
2012-10-16	33
2014-01-25	16
2012-08-05	15
2002-11-20	3
2004-12-23	11
2004-12-22	18
2004-12-21	33
2004-12-20	12
2004-12-27	9
2004-12-26	6
2004-12-25	19
2004-12-24	1
2004-12-29	7
2004-12-28	10
2011-12-30	64
2011-12-31	24
2004-04-24	6
2014-07-18	12
2004-04-26	1
2004-04-27	7
2004-04-22	1
2004-04-23	3
2003-06-30	15
2004-04-29	2
2006-04-30	78
2006-08-01	105
2006-08-02	135
2006-08-03	65
2006-08-04	75
2006-08-05	59
2006-08-06	49
2006-08-07	74
2006-08-08	78
2006-08-09	97
2013-04-01	29
2013-04-06	11
2013-04-07	19
2013-04-04	25
2013-04-05	19
2004-01-08	5
2004-07-04	10
2009-03-08	91
2009-03-09	115
2009-03-06	76
2013-04-28	43
2009-03-04	78
2009-03-05	73
2009-03-02	78
2009-03-03	73
2009-03-01	96
2010-07-31	75
2010-07-30	88
2011-03-30	57
2011-03-31	57
2013-04-24	11
2004-10-20	5
2013-04-25	18
2008-07-27	97
2004-12-15	42
2008-03-29	96
2009-02-09	56
2013-04-27	14
2014-01-29	24
2013-04-20	9
2008-07-20	72
2013-07-21	17
2013-07-20	30
2013-07-23	17
2013-07-22	32
2013-07-25	27
2013-07-24	28
2013-07-27	19
2013-07-26	27
2013-07-29	30
2002-05-28	1
2013-04-23	8
2012-02-16	14
2012-02-17	22
2012-02-14	16
2012-02-15	14
2011-07-05	102
2011-07-04	131
2011-07-07	137
2011-07-06	100
2011-07-09	92
2011-07-08	107
2006-03-12	93
2012-02-18	30
2012-02-19	37
2006-03-16	131
2014-05-09	10
2006-03-17	82
2010-04-30	46
2006-03-14	66
2010-03-08	41
2010-03-09	42
2006-03-15	88
2013-03-29	24
2013-03-28	19
2002-01-25	3
2013-03-24	25
2010-03-02	53
2010-03-03	37
2010-03-04	39
2010-03-05	55
2010-03-06	65
2006-03-13	93
2006-03-27	85
2006-03-26	104
2006-03-25	108
2006-03-24	101
2006-03-23	103
2006-03-22	101
2006-03-21	131
2006-03-20	135
2004-09-30	4
2014-01-27	5
2006-03-29	170
2006-03-28	136
2003-10-26	4
2003-10-24	3
2003-10-25	9
2005-11-05	38
2003-10-23	1
2003-10-20	3
2006-03-10	83
2012-11-28	29
2013-04-29	16
2003-10-28	1
2002-08-21	1
2007-03-09	84
2012-08-07	19
2011-11-28	37
2002-08-24	1
2009-03-21	45
2003-08-15	1
2008-04-30	105
2005-12-08	115
2005-12-09	52
2014-07-03	13
2003-10-19	13
2005-12-01	121
2005-12-02	97
2005-12-03	88
2005-12-04	123
2005-12-05	90
2005-12-06	115
2005-12-07	98
2011-11-20	54
2011-11-21	59
2013-02-01	13
2005-04-18	13
2005-04-19	20
2012-11-25	15
2014-07-04	17
2005-11-18	89
2005-11-19	93
2005-11-16	42
2005-11-17	44
2005-11-14	70
2005-11-15	44
2005-11-12	58
2005-11-13	56
2005-11-10	62
2005-11-11	49
2012-06-12	18
2012-06-13	24
2012-06-10	19
2003-08-28	2
2012-06-16	22
2012-06-17	22
2012-06-14	23
2012-06-15	23
2003-08-23	9
2003-08-22	2
2012-06-18	30
2012-06-19	22
2003-08-27	8
2003-08-26	11
2003-08-25	45
2003-08-24	58
2009-08-07	95
2009-08-06	68
2009-08-05	101
2009-08-04	155
2009-08-03	163
2009-08-02	109
2009-08-01	138
2009-08-09	87
2009-08-08	71
2005-08-30	46
2005-08-31	38
2013-08-19	6
2013-08-18	9
2013-08-15	16
2013-08-14	16
2013-08-17	19
2013-08-16	15
2013-08-11	18
2013-08-10	10
2013-08-13	6
2013-08-12	29
2006-01-29	34
2006-01-28	103
2010-11-29	112
2010-11-28	160
2006-01-21	91
2006-01-20	83
2006-01-23	66
2006-01-22	174
2006-01-25	59
2010-11-20	409
2006-01-27	54
2006-01-26	91
2011-09-18	57
2012-11-22	24
2009-11-24	51
2005-02-04	8
2014-11-04	21
2012-05-04	44
2007-12-19	105
2007-12-18	80
2003-11-22	12
2011-08-16	142
2007-12-15	98
2007-12-14	94
2007-12-17	106
2007-12-16	176
2007-12-11	163
2011-08-15	180
2007-12-13	96
2007-12-12	83
2011-08-14	90
2002-11-23	6
2012-05-01	57
2012-05-13	49
2010-12-07	92
2010-12-04	187
2010-12-05	192
2012-05-17	32
2010-12-03	67
2012-05-15	16
2010-12-01	113
2012-05-19	25
2012-05-18	40
2003-06-04	1
2010-12-08	108
2010-12-09	84
2006-05-25	92
2006-11-21	86
2006-05-27	129
2006-05-26	130
2006-05-21	114
2006-05-20	55
2006-05-23	95
2006-05-22	113
2006-11-28	71
2006-11-29	91
2006-05-29	75
2006-05-28	74
2004-11-19	7
2007-01-30	83
2004-11-13	16
2006-11-19	89
2004-11-11	5
2004-11-10	4
2004-11-17	6
2004-11-16	1
2007-05-31	152
2009-07-14	274
2009-07-17	502
2009-07-16	509
2013-02-28	26
2006-11-15	64
2011-08-11	79
2013-11-08	13
2013-11-09	4
2009-05-16	76
2013-11-04	20
2013-11-05	24
2013-11-06	15
2013-11-07	9
2013-11-01	14
2013-11-02	35
2013-11-03	23
2011-11-15	71
2011-11-14	69
2011-11-17	71
2011-11-16	64
2011-11-11	75
2011-11-10	42
2011-11-13	86
2011-11-12	59
2009-05-13	50
2005-07-25	231
2011-11-19	58
2011-11-18	60
2004-08-31	16
2012-11-08	29
2013-07-08	12
2012-10-28	23
2012-10-29	30
2003-12-18	10
2012-10-24	43
2012-10-25	58
2012-10-26	19
2012-10-27	39
2012-10-20	22
2012-10-21	33
2012-10-22	14
2012-10-23	45
2007-07-28	545
2007-07-29	460
2007-07-22	1903
2007-07-23	1701
2007-07-20	569
2007-07-21	1515
2007-07-26	823
2007-07-27	715
2007-07-24	1157
2007-07-25	905
2011-12-29	70
2013-02-24	12
2013-07-02	5
2011-12-25	20
2011-12-24	23
2011-12-27	30
2014-10-18	18
2011-12-21	37
2011-12-20	63
2011-12-23	49
2011-12-22	45
2003-06-29	8
2003-06-28	13
2014-06-30	9
2003-06-21	28
2003-06-23	32
2003-06-22	23
2003-06-25	18
2003-06-24	26
2003-06-27	9
2003-06-26	18
2006-08-17	109
2006-08-16	66
2006-08-15	100
2006-08-14	105
2006-08-13	102
2006-08-12	81
2006-08-11	75
2006-08-10	108
2013-04-11	26
2013-04-10	38
2013-04-13	18
2013-04-12	27
2013-04-15	25
2010-03-18	75
2006-08-19	51
2006-08-18	66
2008-06-22	73
2002-04-04	1
2009-03-19	52
2009-03-18	28
2009-03-15	64
2009-03-14	90
2009-03-17	77
2010-03-17	52
2009-03-11	107
2009-03-10	99
2009-03-13	77
2009-03-12	107
2010-07-04	72
2010-07-05	84
2010-07-06	83
2010-07-07	122
2010-06-08	33
2010-07-01	71
2011-03-29	70
2011-03-28	61
2011-03-27	48
2011-03-26	72
2011-03-25	49
2011-03-24	96
2010-07-08	125
2011-03-22	93
2011-03-21	70
2011-03-20	68
2004-11-07	3
2012-08-04	10
2005-02-20	6
2009-12-24	43
2004-11-02	5
2004-11-03	3
2012-08-15	18
2013-07-14	51
2013-07-15	30
2013-07-16	53
2013-07-17	14
2013-07-10	14
2013-07-11	23
2013-07-12	15
2009-06-04	85
2004-04-30	4
2013-07-18	40
2009-06-07	56
2012-02-05	38
2012-02-04	23
2012-02-07	22
2012-02-06	30
2011-07-30	153
2011-07-31	168
2012-02-03	12
2012-02-02	25
2012-12-22	29
2012-02-09	13
2012-02-08	15
2008-06-27	152
2010-04-23	43
2010-04-22	65
2010-04-21	36
2010-04-20	61
2010-04-27	58
2010-04-26	71
2010-04-25	49
2010-04-24	49
2014-03-08	17
2010-04-29	40
2010-04-28	115
2004-07-15	22
2014-03-09	29
2013-03-10	16
2013-03-11	14
2013-03-12	12
2013-03-13	27
2013-03-14	16
2013-03-15	18
2002-01-16	1
2013-03-17	62
2013-03-18	67
2010-03-16	66
2010-03-15	53
2012-01-25	28
2010-03-13	33
2012-01-23	30
2010-03-11	28
2010-03-10	56
2013-10-08	23
2014-03-07	10
2003-10-31	2
2012-08-10	37
2014-03-01	10
2014-01-08	23
2013-12-17	39
2003-06-18	1
2009-02-04	52
2013-12-23	8
2009-07-07	126
2014-09-14	29
2014-09-17	5
2004-08-28	7
2014-09-16	11
2005-12-19	92
2005-12-18	93
2005-12-17	88
2005-12-16	117
2005-12-15	105
2005-12-14	134
2005-12-13	129
2005-12-12	141
2005-12-11	91
2005-12-10	58
2009-07-04	52
2013-05-15	27
2014-09-13	10
2008-06-24	97
2013-12-24	21
2010-09-21	45
2007-05-15	137
2003-07-19	2
2005-11-09	49
2005-11-08	47
2005-04-09	11
2005-04-08	9
2005-04-07	11
2005-11-04	43
2005-11-07	44
2005-11-06	64
2005-11-01	38
2005-04-02	20
2005-11-03	58
2005-11-02	56
2009-07-05	70
2012-06-03	37
2012-06-02	41
2012-06-05	24
2012-06-04	21
2012-06-07	26
2012-06-06	28
2014-10-26	5
2014-10-27	10
2014-10-24	12
2014-10-25	19
2014-10-22	28
2014-10-23	9
2014-10-20	3
2014-10-21	26
2005-05-04	9
2004-08-23	11
2014-11-12	4
2005-05-05	12
2002-03-14	5
2009-07-21	344
2013-08-20	25
2005-08-20	54
2013-08-22	26
2013-08-23	14
2013-08-24	27
2013-08-25	35
2005-08-27	94
2005-08-26	59
2013-08-28	14
2005-08-28	44
2011-11-09	35
2003-07-17	4
2005-05-01	12
2010-11-10	54
2010-11-11	94
2010-11-12	139
2010-11-13	101
2006-01-18	59
2010-11-15	110
2010-11-16	76
2010-11-17	159
2006-01-14	66
2010-11-19	312
2006-01-16	70
2005-05-03	7
2006-01-10	64
2006-01-11	87
2006-01-12	62
2006-01-13	46
2013-12-12	14
2013-12-13	10
2013-12-10	43
2013-12-11	26
2013-12-16	7
2014-05-28	22
2013-12-14	61
2013-12-15	36
2013-04-26	6
2013-12-18	28
2013-12-19	9
2010-08-16	60
2010-08-17	56
2010-08-14	56
2010-08-15	80
2010-08-12	61
2010-08-13	80
2010-08-10	50
2010-08-11	39
2005-01-21	4
2004-01-11	2
2010-08-18	55
2010-08-19	77
2007-12-20	109
2007-12-21	132
2007-12-22	85
2014-05-29	25
2007-12-24	133
2007-12-25	81
2007-12-26	117
2007-12-27	319
2007-12-28	158
2007-12-29	137
2005-02-16	15
2011-08-30	43
2003-07-04	10
2005-03-21	3
2008-06-10	101
2013-03-20	18
2010-12-15	91
2012-10-03	67
2010-12-17	52
2010-12-16	35
2010-12-11	102
2010-12-10	159
2010-12-13	84
2010-12-12	80
2005-03-30	11
2010-12-19	59
2010-12-18	68
2012-05-12	33
2006-11-30	85
2003-07-13	2
2004-05-10	1
2012-05-11	21
2009-11-12	59
2014-05-24	6
2013-12-27	6
2013-11-13	38
2013-11-12	18
2013-11-11	12
2013-11-10	33
2013-11-17	29
2013-11-16	76
2013-11-15	18
2013-11-14	20
2013-11-19	14
2013-11-18	16
2005-03-02	9
2005-03-03	9
2005-03-01	15
2005-03-06	6
2005-03-07	6
2005-03-04	1
2005-03-05	10
2011-09-30	29
2005-03-09	13
2012-10-31	21
2012-10-30	37
2011-09-21	27
2008-03-30	101
2008-03-31	76
2007-07-31	635
2007-07-30	801
2009-04-15	93
2006-05-18	64
2006-05-19	68
2011-12-12	34
2011-12-13	30
2011-12-14	63
2011-12-15	36
2011-12-16	34
2011-12-17	53
2006-05-10	51
2006-05-11	66
2006-05-12	85
2009-07-30	148
2006-05-14	103
2006-05-15	67
2006-05-16	64
2006-05-17	59
2014-06-21	13
2014-06-20	32
2014-06-23	13
2014-06-22	12
2014-06-25	11
2014-06-24	6
2014-06-27	18
2014-06-26	15
2014-06-29	16
2014-06-28	26
2003-06-16	1
2003-06-17	4
2003-06-10	1
2003-06-11	1
2003-06-12	14
2003-06-13	3
2008-07-29	114
2008-07-28	101
2008-07-25	80
2008-07-24	145
2002-06-26	5
2008-07-26	70
2008-07-21	109
2013-04-21	25
2013-04-22	22
2008-07-22	92
2014-05-08	22
2003-02-26	1
2003-02-21	3
2014-05-02	13
2014-05-03	17
2014-05-01	18
2014-05-06	73
2014-05-07	39
2014-05-04	16
2014-05-05	30
2009-03-20	38
2004-03-07	8
2009-03-22	78
2009-03-23	43
2009-03-24	68
2009-03-25	97
2009-03-26	97
2009-03-27	46
2009-03-28	75
2012-03-28	67
2011-11-22	53
2011-11-23	28
2011-11-24	29
2004-03-05	4
2011-11-26	45
2011-11-27	43
2006-10-18	117
2006-10-19	63
2003-12-20	1
2006-10-12	94
2006-10-13	70
2006-10-10	104
2006-10-11	112
2006-10-16	89
2006-10-17	86
2006-10-14	76
2006-10-15	105
2004-07-21	33
2004-03-01	6
2004-07-20	10
2014-06-08	7
2010-05-17	31
2003-04-21	1
2013-07-09	30
2012-03-27	45
2013-07-03	13
2012-03-20	36
2013-07-01	12
2013-07-07	12
2013-07-06	19
2013-07-05	28
2004-07-24	15
2012-03-22	47
2010-08-05	73
2012-08-30	41
2012-08-31	34
2014-01-06	21
2014-01-07	7
2014-01-04	26
2014-01-05	10
2014-01-02	60
2014-01-03	7
2014-01-01	17
2003-07-06	1
2001-10-08	1
2014-01-09	7
2013-06-13	8
2013-03-07	16
2013-03-06	5
2013-03-05	29
2013-03-04	15
2013-03-03	10
2013-03-02	12
2013-03-01	49
2014-10-05	17
2012-01-31	22
2013-04-08	44
2013-03-09	12
2013-03-08	21
2010-07-19	48
2010-07-18	46
2005-02-19	32
2010-07-13	67
2010-07-12	114
2010-07-11	138
2010-07-10	119
2010-07-17	47
2010-07-16	41
2010-07-15	63
2010-07-14	66
2008-11-07	39
2013-08-21	15
2013-04-02	24
2013-04-03	6
2010-12-02	126
2002-02-25	3
2011-07-29	113
2011-07-28	147
2013-02-06	30
2011-07-23	247
2011-07-22	268
2011-07-21	192
2011-07-20	203
2011-07-27	141
2011-07-26	172
2011-07-25	255
2011-07-24	354
2002-10-18	1
2002-10-19	1
2004-07-22	13
2004-11-09	9
2007-01-31	87
2011-02-28	40
2005-02-15	2
2005-11-30	99
2004-07-25	1
2003-03-05	2
2003-10-08	2
2003-10-09	2
2012-06-30	14
2003-10-01	2
2003-10-03	2
2014-10-31	7
2014-10-30	36
2004-09-17	1
2004-09-14	8
2004-09-15	2
2012-08-26	27
2005-08-14	80
2007-03-26	183
2005-08-16	41
2005-08-17	26
2005-08-10	80
2005-08-11	38
2005-08-12	59
2007-03-27	107
2005-08-18	113
2009-09-06	76
2006-01-03	34
2006-01-02	68
2006-01-01	87
2010-11-04	98
2006-01-07	65
2006-01-06	46
2006-01-05	51
2006-01-04	44
2006-01-09	84
2006-01-08	78
2010-11-09	82
2007-03-23	117
2013-12-01	34
2013-12-03	35
2004-01-19	3
2013-12-05	32
2007-03-20	83
2013-12-07	30
2013-12-06	17
2004-01-12	2
2013-12-08	38
2004-01-10	2
2007-03-21	107
2004-01-17	4
2004-01-15	7
2004-07-26	8
2010-08-04	35
2010-08-07	52
2010-08-06	52
2010-08-01	49
2010-08-03	48
2010-08-02	37
2010-09-16	65
2013-02-03	19
2010-08-09	56
2010-08-08	58
2007-12-31	106
2007-12-30	221
2010-12-28	86
2010-12-29	52
2009-02-01	86
2010-12-20	69
2010-12-21	118
2010-12-22	76
2010-12-23	54
2010-12-24	52
2010-12-25	57
2010-12-26	94
2010-12-27	141
2002-08-25	1
2008-01-31	81
2011-06-22	84
2013-11-23	26
2001-09-23	1
2009-09-28	115
2009-09-29	81
2009-09-22	76
2009-09-23	61
2009-09-20	64
2009-09-21	67
2009-09-26	108
2009-09-27	160
2009-09-24	61
2009-09-25	86
2003-07-03	11
2013-09-04	5
2003-07-30	6
2009-11-23	68
2003-12-12	7
2009-11-01	59
2005-03-11	18
2005-03-10	22
2005-03-13	14
2005-03-12	8
2005-03-15	8
2005-03-14	8
2005-03-17	7
2005-03-16	3
2005-03-19	6
2011-09-20	56
2011-09-23	39
2011-09-22	32
2011-09-25	33
2011-09-24	40
2011-09-27	39
2011-09-26	36
2008-08-02	136
2008-08-03	60
2008-08-01	109
2008-08-06	82
2008-08-07	64
2008-08-04	72
2010-10-23	67
2008-08-08	65
2008-08-09	49
2010-10-20	44
2008-03-21	110
2008-03-20	78
2008-03-23	102
2010-08-24	58
2008-03-25	131
2007-07-09	341
2008-03-27	121
2008-03-26	80
2007-07-04	229
2007-07-05	183
2007-07-06	305
2007-07-07	275
2007-07-01	170
2007-07-02	221
2007-07-03	201
2011-12-07	73
2011-12-06	75
2011-12-05	59
2011-12-04	81
2011-12-03	46
2011-12-02	28
2006-05-09	38
2006-05-08	59
2006-05-07	93
2006-05-06	55
2006-05-05	54
2006-05-04	85
2009-04-21	54
2006-05-02	75
2006-05-01	83
2011-12-08	60
2014-06-14	57
2003-06-02	6
2014-06-16	12
2014-06-17	16
2014-06-10	11
2014-06-11	32
2014-06-12	31
2014-06-13	26
2014-06-18	11
2014-06-19	21
2010-07-09	117
2008-07-10	122
2008-07-11	154
2008-07-12	131
2008-07-13	66
2008-07-14	84
2008-07-15	86
2008-07-16	49
2008-07-17	78
2008-07-18	96
2008-07-19	66
2003-07-07	7
2003-02-17	1
2007-04-12	130
2007-04-13	154
2007-04-10	123
2007-04-11	129
2007-04-16	186
2007-04-17	120
2007-04-14	128
2007-04-15	222
2014-05-11	24
2014-05-10	9
2007-04-18	112
2007-04-19	123
2014-05-15	7
2014-05-14	12
2014-05-17	18
2014-05-16	20
2009-11-05	43
2014-05-12	9
2009-03-31	30
2009-03-30	49
2014-04-25	5
2011-11-30	54
2006-10-09	102
2006-10-08	126
2014-04-24	13
2006-10-01	66
2014-04-23	13
2006-10-03	99
2006-10-02	53
2006-10-05	77
2006-10-04	84
2006-10-07	52
2006-10-06	46
2004-06-26	14
2004-06-27	3
2004-06-24	6
2004-06-25	2
2004-06-22	23
2004-06-23	6
2004-06-20	6
2004-06-21	4
2014-04-20	17
2004-06-28	6
2004-06-29	22
2005-02-09	3
2009-11-07	61
2012-08-29	29
2012-08-28	27
2008-03-08	79
2005-07-08	18
2005-07-09	37
2012-08-21	18
2005-07-07	18
2012-08-23	31
2005-07-05	36
2005-07-02	27
2012-08-24	20
2012-08-27	23
2009-05-30	95
2014-01-15	43
2014-01-14	13
2014-01-17	15
2014-01-16	16
2014-01-11	28
2014-01-10	10
2014-01-13	18
2014-01-12	16
2009-11-06	39
2014-01-19	18
2014-01-18	18
2009-04-24	46
2013-10-26	29
2012-01-01	72
2012-01-02	44
2012-01-03	40
2012-01-04	56
2012-01-05	18
2012-01-06	33
2012-01-07	34
2012-01-08	66
2012-01-09	36
2008-03-06	58
2009-04-27	61
2009-05-31	61
2014-02-28	29
2014-02-25	35
2014-02-24	27
2014-02-27	20
2014-02-26	17
2014-02-21	7
2014-02-20	10
2014-02-23	9
2014-02-22	20
2004-11-22	6
2002-05-27	6
2005-02-26	8
2005-02-25	9
2009-04-26	61
2005-02-24	7
2009-06-24	94
2013-07-28	6
2005-02-23	20
2004-11-27	8
2006-09-30	92
2007-06-01	113
2004-11-24	9
2005-08-15	72
2004-11-25	19
2009-02-18	60
2009-02-19	39
2012-02-29	24
2012-02-28	27
2012-02-27	34
2009-02-13	48
2009-02-10	54
2009-02-11	51
2012-02-23	31
2012-02-22	20
2012-02-21	47
2009-02-15	77
2011-07-01	63
2013-08-31	3
2004-02-24	2
2005-08-13	53
2002-10-01	1
2011-07-03	98
2011-07-02	58
2004-07-30	8
2012-02-12	42
2005-02-28	8
2012-02-13	18
2005-11-27	91
2005-11-26	79
2005-11-25	93
2005-11-24	101
2005-11-23	73
2005-11-22	116
2005-11-21	145
2005-11-20	114
2012-06-23	30
2012-06-22	26
2004-02-28	3
2004-02-29	5
2012-06-27	26
2014-07-02	15
2005-11-29	111
2005-11-28	104
2014-10-01	5
2014-10-02	21
2014-10-03	9
2014-10-04	9
2006-12-08	96
2014-10-06	2
2014-10-07	14
2014-10-08	12
2014-10-09	3
2003-10-15	4
2003-10-12	2
2003-10-11	6
2014-07-05	6
2010-11-07	121
2005-08-09	80
2005-08-08	80
2014-07-06	15
2010-11-06	109
2005-08-03	156
2005-08-02	129
2005-08-01	101
2014-07-07	7
2005-08-07	90
2005-08-06	97
2005-08-05	64
2005-08-04	96
2012-05-03	25
2013-09-18	27
2013-09-19	7
2003-07-16	4
2013-09-12	53
2013-09-13	43
2013-09-10	21
2013-09-11	14
2013-09-16	28
2009-11-29	44
2013-09-14	21
2013-09-15	16
2003-07-14	5
2010-11-01	73
2014-09-08	9
2014-09-09	11
2014-09-06	20
2014-09-07	8
2014-09-04	25
2014-09-05	25
2014-09-02	15
2014-09-03	22
2002-08-09	1
2014-09-01	16
2004-01-09	5
2012-03-26	29
2013-12-30	54
2013-12-31	12
2004-01-01	3
2004-01-03	2
2004-01-02	4
2004-01-05	8
2004-01-04	8
2004-01-07	1
2003-09-06	5
2003-09-07	2
2003-09-04	3
2003-09-05	13
2003-09-02	3
2003-09-03	40
2004-11-15	6
2003-09-01	11
2003-09-08	2
2003-09-09	1
2013-01-25	13
2014-02-08	12
2010-11-08	134
2004-11-14	14
2012-05-16	15
2010-12-31	93
2010-12-30	75
2013-12-02	11
2013-12-04	29
2013-12-09	31
2009-09-30	83
2008-04-06	82
2008-04-07	80
2008-04-04	91
2008-04-05	113
2008-04-02	118
2008-04-03	92
2008-04-01	143
2004-08-04	40
2008-04-08	99
2008-04-09	135
2013-03-25	29
2004-08-05	46
2010-03-01	41
2010-08-30	61
2010-08-31	36
2011-02-26	56
2007-09-14	95
2005-03-24	8
2005-03-25	3
2005-03-26	10
2005-03-27	11
2005-03-20	27
2011-09-19	29
2005-03-22	9
2005-03-23	7
2011-09-14	47
2013-03-21	33
2011-09-16	37
2011-09-17	36
2005-03-28	13
2005-03-29	26
2011-09-12	51
2011-09-13	50
2009-05-26	73
2009-05-27	97
2008-08-13	72
2009-05-25	88
2008-08-15	135
2008-08-14	130
2008-08-17	105
2009-05-21	57
2008-08-19	96
2008-08-18	174
2010-03-07	86
2009-05-28	83
2009-05-29	54
2007-07-13	464
2008-03-15	97
2007-07-11	374
2007-07-10	443
2007-07-17	730
2007-07-16	491
2008-03-12	89
2008-03-13	149
2007-07-19	526
2007-07-18	526
2008-03-18	190
2008-03-19	119
2012-06-29	32
2002-06-02	1
2012-06-28	34
2008-07-07	164
2008-07-06	161
2008-07-05	81
2008-07-04	68
2008-07-03	120
2008-07-02	123
2008-07-01	90
2003-02-08	4
2003-02-06	3
2008-07-09	200
2008-07-08	132
2007-04-01	197
2007-04-03	142
2007-04-02	161
2007-04-05	137
2007-04-04	113
2007-04-07	172
2007-04-06	134
2007-04-09	140
2007-04-08	140
2014-05-26	42
2014-05-27	19
2014-05-20	26
2014-05-21	88
2014-05-22	72
2014-05-23	31
2002-04-08	1
2012-08-18	16
2007-08-18	371
2007-08-19	436
2007-08-16	240
2007-08-17	312
2007-08-14	203
2007-08-15	308
2007-08-12	242
2007-08-13	239
2007-08-10	247
2007-08-11	220
2009-11-11	28
2002-09-30	1
2006-10-30	85
2006-10-31	47
2014-07-19	8
2004-06-30	15
2013-05-17	4
2009-11-16	42
2009-11-26	34
2010-11-03	80
2004-12-08	3
2003-10-21	2
2004-10-25	4
2004-10-24	2
2004-10-27	3
2004-10-26	3
2005-07-19	504
2005-07-18	540
2004-10-23	2
2004-10-22	5
2005-07-15	231
2005-07-14	109
2012-08-16	31
2005-07-16	1550
2014-06-07	21
2012-08-11	19
2005-07-13	74
2012-08-13	22
2013-10-10	21
2012-07-29	16
2002-05-02	1
2012-07-13	30
2005-03-31	23
2013-10-15	14
2009-01-22	42
2009-01-23	37
2009-01-20	30
2012-01-14	15
2009-01-26	51
2009-01-27	76
2009-01-24	49
2009-01-25	102
2009-01-28	67
2009-01-29	53
2003-11-29	1
2012-01-19	36
2012-01-18	11
2008-12-16	137
2012-07-20	22
2008-12-14	66
2008-12-15	28
2008-12-12	84
2008-12-13	71
2014-02-16	23
2014-02-17	14
2014-02-18	6
2014-02-19	37
2008-12-18	48
2008-12-19	28
2004-06-08	39
2011-01-30	77
2011-01-31	61
2004-06-09	14
2006-02-02	117
2006-02-03	78
2006-02-01	90
2006-02-06	96
2006-02-07	102
2006-02-04	80
2006-02-05	51
2006-02-08	38
2006-02-09	43
2006-09-21	64
2006-09-20	52
2006-09-23	67
2006-09-22	80
2006-09-25	59
2006-09-24	67
2006-09-27	91
2006-09-26	57
2006-09-29	125
2006-09-28	57
2014-01-28	8
2009-02-08	82
2004-03-26	4
2014-01-20	18
2014-01-21	30
2009-02-03	58
2009-02-02	48
2009-02-05	55
2004-06-02	14
2009-02-07	98
2009-02-06	49
2002-11-16	2
2002-08-20	2
2006-10-28	65
2006-06-08	107
2006-06-09	81
2006-06-06	113
2006-06-07	102
2006-06-04	88
2006-06-05	65
2006-06-02	95
2006-06-03	58
2006-06-01	107
2010-06-30	102
2004-07-27	5
2009-04-03	49
2009-04-02	20
2014-11-07	54
2012-07-12	28
2009-04-01	25
2014-10-17	14
2014-10-16	16
2014-10-15	24
2013-02-23	11
2014-10-13	3
2014-10-12	14
2014-10-11	13
2014-10-10	12
2013-02-22	16
2009-04-07	48
2013-02-20	22
2013-02-21	40
2013-02-26	38
2013-02-27	53
2014-10-19	12
2009-04-06	96
2007-10-22	204
2007-10-23	267
2007-10-20	390
2007-10-21	285
2007-10-26	150
2009-04-05	50
2007-10-24	150
2007-10-25	126
2007-10-28	133
2007-10-29	156
2007-06-18	121
2013-09-09	25
2013-09-08	23
2013-09-01	25
2013-09-03	20
2013-09-02	22
2013-09-05	33
2009-04-09	51
2013-09-07	10
2013-09-06	22
2013-02-13	15
2013-12-29	20
2013-12-28	24
2014-09-19	4
2014-09-18	9
2013-02-12	23
2014-09-15	46
2013-12-22	20
2013-12-21	7
2013-12-20	45
2014-09-11	16
2013-12-26	21
2013-12-25	4
2014-09-12	41
2010-02-28	46
2013-02-10	14
2006-08-20	82
2010-02-21	53
2010-02-20	35
2010-02-23	58
2010-02-22	57
2004-01-30	10
2004-01-31	7
2010-02-27	45
2010-02-26	56
2003-09-11	2
2003-09-13	7
2014-06-03	17
2011-01-03	121
2005-06-03	30
2013-02-18	21
2005-06-05	17
2014-06-02	30
2011-01-06	71
2004-10-10	5
2011-01-05	68
2004-05-17	10
2005-06-06	30
2004-05-14	1
2004-05-15	6
2003-03-24	2
2004-05-12	4
2014-06-01	58
2004-05-13	4
2004-09-12	18
2004-09-13	1
2004-09-10	8
2004-09-11	14
2009-09-08	62
2009-09-09	143
2007-03-28	192
2007-03-29	205
2009-09-04	89
2009-09-05	62
2007-03-24	91
2009-09-07	89
2007-03-22	95
2009-09-01	76
2009-09-02	69
2009-09-03	85
2008-04-15	127
2008-04-14	150
2008-04-17	115
2008-04-16	140
2008-04-11	426
2008-04-10	100
2008-04-13	163
2008-04-12	111
2008-04-19	105
2008-04-18	61
2010-10-28	77
2010-10-29	57
2010-08-29	65
2010-08-28	57
2010-08-27	47
2010-08-26	36
2010-08-25	49
2010-10-21	35
2010-08-23	57
2010-10-27	83
2010-10-24	68
2010-10-25	72
2011-09-03	74
2011-09-02	51
2011-09-01	61
2011-09-07	43
2011-09-06	65
2011-09-05	47
2011-09-04	70
2011-09-09	72
2011-09-08	51
2009-12-20	43
2008-08-24	51
2008-08-25	95
2008-03-09	95
2008-08-27	102
2008-08-20	79
2008-08-21	134
2008-08-22	88
2008-08-23	75
2008-03-03	144
2008-03-02	125
2008-03-01	111
2008-08-28	65
2008-08-29	61
2008-03-05	82
2009-12-27	44
2011-02-27	37
2014-06-06	38
2009-12-25	55
2003-05-03	3
2013-08-04	3
2008-06-19	94
2009-12-29	65
2002-11-14	2
2014-06-05	30
2005-05-02	6
2013-06-16	8
2012-12-18	22
2005-08-19	69
2014-06-04	20
2014-05-31	22
2014-05-30	23
2007-04-30	91
2003-01-06	2
2003-01-05	1
2003-01-03	2
2007-08-09	286
2007-08-08	380
2013-06-15	9
2007-08-05	320
2007-08-04	420
2007-08-07	380
2007-08-06	427
2007-08-01	504
2007-08-03	349
2007-08-02	519
2006-10-23	111
2006-10-22	103
2006-10-21	65
2006-10-20	59
2006-10-27	42
2006-10-26	90
2006-10-25	85
2006-10-24	91
2004-06-01	36
2006-10-29	93
2004-06-03	26
2004-06-04	20
2004-06-05	17
2004-06-06	6
2013-06-14	24
2008-11-28	32
2008-11-29	71
2008-11-26	69
2008-11-27	58
2008-11-24	79
2008-11-25	63
2008-11-22	70
2013-03-23	60
2008-11-20	56
2008-11-21	51
2004-10-18	5
2004-10-19	4
2004-05-18	4
2004-05-19	1
2004-05-16	7
2004-10-11	11
2004-10-12	5
2004-10-13	4
2004-10-14	4
2004-10-15	13
2004-10-16	1
2004-10-17	11
2005-07-20	420
2005-07-21	321
2005-07-22	315
2005-07-23	276
2005-07-24	245
2012-08-06	15
2005-07-26	152
2005-07-27	151
2005-07-28	105
2005-07-29	94
2012-08-09	27
2012-08-08	30
2005-04-12	15
2011-09-29	32
2014-07-11	17
2005-04-13	13
2011-09-28	43
2005-04-14	21
2005-04-15	20
2013-06-12	6
2005-04-16	15
2005-04-17	26
2009-01-31	53
2009-01-30	52
2002-08-19	2
2008-08-26	78
2008-12-05	59
2003-04-28	2
2008-12-07	91
2014-02-04	16
2014-02-03	25
2014-02-02	25
2008-12-03	38
2008-12-02	45
2002-12-16	1
2002-12-17	1
2004-09-29	1
2008-12-08	96
2014-02-09	19
2011-05-15	129
2011-01-21	48
2011-01-20	81
2011-01-23	115
2011-01-22	74
2011-01-25	27
2011-01-24	61
2011-01-27	55
2011-01-26	70
2011-01-29	58
2011-01-28	77
2006-02-11	62
2006-02-10	105
2006-02-13	62
2006-02-12	76
2006-02-15	65
2006-02-14	39
2006-02-17	33
2006-02-16	63
2006-02-19	75
2006-02-18	51
2004-09-28	4
2003-08-21	3
2006-09-14	76
2006-09-15	40
2006-09-16	72
2006-09-17	68
2006-09-10	100
2006-09-11	62
2006-09-12	88
2006-09-13	80
2011-02-02	108
2011-02-03	74
2011-02-01	72
2006-09-18	45
2006-09-19	96
2011-02-04	46
2011-02-05	64
2002-06-27	3
2014-01-31	27
2014-01-30	11
2002-08-31	1
2002-10-26	1
2002-10-25	1
2006-06-19	72
2006-06-18	53
2006-06-15	113
2006-06-14	123
2006-06-17	44
2006-06-16	106
2006-06-11	123
2006-06-10	94
2006-06-13	138
2006-06-12	86
2010-06-25	72
2010-06-24	58
2010-06-27	71
2010-06-26	72
2010-06-21	56
2010-06-20	91
2010-06-23	156
2010-06-22	63
2004-11-08	3
2010-06-29	150
2010-06-28	71
2003-11-19	1
2004-02-04	4
2004-02-05	1
2004-02-07	20
2004-02-01	4
2004-02-02	2
2014-02-06	31
2014-02-05	13
2009-01-18	72
2003-11-14	19
2003-03-28	3
2008-12-06	120
2012-05-21	40
2010-03-29	43
2008-12-01	53
2011-06-06	81
2011-06-07	48
2011-06-04	45
2011-06-05	57
2011-06-02	170
2011-06-03	150
2011-06-01	105
2013-06-02	21
2011-06-08	53
2011-06-09	97
2008-03-22	140
2012-06-26	24
2007-07-08	318
2013-09-30	3
2008-03-24	95
2014-09-20	4
2014-09-21	6
2014-09-22	5
2014-09-23	14
2014-09-24	7
2002-04-06	1
2014-09-26	10
2014-09-27	22
2014-09-28	7
2002-12-10	8
2002-04-07	7
2002-12-11	1
2008-05-09	86
2004-01-20	1
2010-02-18	48
2010-02-19	59
2004-01-25	2
2008-03-28	83
2010-02-14	55
2010-02-15	57
2010-02-16	51
2010-02-17	44
2010-02-10	45
2010-02-11	48
2011-05-30	114
2011-05-31	203
2013-02-25	20
2003-11-30	2
2004-09-22	5
2008-06-08	56
2007-06-24	194
2008-02-10	143
2004-09-21	2
2009-10-08	80
2009-10-09	39
2009-10-06	56
2009-10-07	47
2009-10-04	99
2009-10-05	86
2009-10-02	46
2009-10-03	64
2009-10-01	82
2014-03-21	3
2008-09-18	31
2014-07-29	29
2009-09-13	49
2009-09-12	71
2009-09-11	88
2009-09-10	59
2009-09-17	78
2009-09-16	53
2009-09-15	104
2009-09-14	58
2004-09-09	6
2008-04-21	98
2009-09-19	84
2009-09-18	60
2007-03-31	129
2007-03-30	121
2008-04-26	112
2008-04-27	153
2014-07-25	17
2006-05-03	53
2008-09-13	85
2003-09-28	3
2010-11-25	169
2014-07-20	5
2010-11-24	170
2010-10-31	68
2010-10-30	60
2014-07-21	20
2010-11-27	200
2003-09-26	1
2003-09-27	6
2009-05-08	51
2009-05-09	78
2012-11-14	31
2012-11-15	16
2012-11-12	27
2012-11-13	18
2012-11-10	20
2012-11-11	29
2010-11-21	305
2008-08-31	75
2008-08-30	65
2009-05-04	36
2009-05-05	28
2009-05-06	79
2009-05-07	26
2010-11-23	199
2003-06-07	5
2010-11-22	260
2003-06-06	6
2011-06-28	90
2004-09-25	6
2009-06-18	67
2009-06-19	66
2009-06-16	37
2009-06-17	49
2009-06-14	53
2009-06-15	56
2009-06-12	76
2010-08-20	40
2009-06-10	59
2009-06-11	67
2003-05-11	3
2003-05-10	7
2009-10-23	41
2003-05-14	4
2003-05-16	3
2004-11-30	9
2013-07-04	29
2004-09-24	2
2011-10-05	28
2011-02-08	46
2011-06-20	124
2007-04-29	197
2007-04-28	139
2011-06-21	83
2007-04-23	171
2007-04-22	165
2007-04-21	108
2007-04-20	120
2007-04-27	98
2007-04-26	131
2007-04-25	169
2007-04-24	122
2011-06-23	98
2003-01-19	1
2007-12-10	114
2011-06-24	120
2003-01-16	9
2003-01-11	1
2007-10-16	111
2007-08-30	174
2007-08-31	135
2013-04-30	33
2011-06-26	69
2003-07-05	3
2011-06-27	89
2003-08-29	21
2004-06-19	14
2004-06-18	19
2004-06-17	4
2011-02-06	102
2004-06-15	42
2004-06-14	19
2004-06-13	5
2011-10-10	91
2004-06-11	27
2004-06-10	33
2011-10-11	34
2009-06-01	81
2008-07-23	102
2008-11-30	62
2014-11-08	7
2004-05-09	22
2004-10-09	1
2004-10-08	11
2004-05-05	2
2004-05-04	6
2004-05-07	4
2004-10-04	3
2004-10-03	5
2004-10-02	5
2004-05-03	1
2003-02-15	2
2004-09-23	2
2005-07-31	119
2005-07-30	117
2010-03-22	81
2011-10-18	26
2010-03-23	53
2014-05-19	14
2004-09-20	7
2014-05-18	19
2004-09-27	1
2004-09-26	6
2012-01-10	28
2009-06-03	72
2011-01-01	77
2009-01-04	55
2009-01-05	89
2009-01-06	83
2009-01-07	64
2009-01-01	57
2009-01-02	80
2009-01-03	77
2008-12-30	73
2008-12-31	76
2009-01-08	54
2009-01-09	63
2002-12-01	3
2009-06-02	57
2010-03-28	45
2003-04-23	2
2002-12-08	1
2002-11-02	1
2014-05-13	7
2013-06-05	11
2011-01-14	88
2011-01-15	104
2011-01-16	103
2011-01-17	100
2011-01-10	89
2011-01-11	54
2011-01-12	56
2011-01-13	66
2003-04-20	5
2011-01-18	83
2011-01-19	69
2006-02-24	65
2006-02-25	56
2006-09-09	64
2006-09-08	69
2006-02-20	47
2006-02-21	61
2006-02-22	46
2006-02-23	74
2006-09-03	91
2006-09-02	75
2006-09-01	72
2006-09-07	44
2006-09-06	53
2006-09-05	64
2006-09-04	55
2011-02-19	40
2011-02-18	28
2013-04-17	12
2011-02-11	34
2011-02-10	65
2011-02-13	138
2011-02-12	80
2011-02-15	60
2011-02-14	84
2011-02-17	29
2011-02-16	77
2009-02-23	49
2009-02-22	86
2009-02-21	68
2009-02-20	53
2009-02-27	71
2009-02-26	48
2009-02-25	86
2009-02-24	60
2009-02-28	41
2006-06-20	122
2006-06-21	110
2006-06-22	62
2006-06-23	58
2006-06-24	43
2006-06-25	109
2006-06-26	136
2006-06-27	194
2006-06-28	133
2006-06-29	114
2010-06-12	74
2010-06-13	105
2010-06-14	77
2010-06-15	27
2010-06-16	33
2010-06-17	43
2013-05-27	9
2013-06-06	15
2009-05-19	60
2002-07-26	1
2004-02-13	4
2004-02-12	3
2002-10-28	2
2004-02-17	3
2004-02-16	5
2004-02-15	5
2010-02-25	51
2013-03-19	39
2013-05-22	18
2005-06-18	24
2005-06-19	19
2013-02-08	15
2013-02-09	14
2013-06-09	14
2005-06-12	24
2005-06-13	22
2005-06-10	19
2013-02-07	37
2005-06-16	21
2005-06-17	15
2005-06-14	53
2005-06-15	37
2011-06-15	79
2007-10-05	143
2011-06-17	97
2011-06-16	87
2011-06-11	62
2007-10-01	153
2007-10-02	146
2011-06-12	59
2011-06-19	70
2007-10-09	125
2013-09-23	3
2013-09-22	17
2013-09-21	17
2013-09-20	10
2013-09-27	7
2013-09-26	8
2013-09-25	8
2013-09-24	7
2013-09-29	8
2013-09-28	12
2010-12-06	141
2014-09-30	4
2010-10-11	60
2010-02-03	53
2010-02-02	43
2010-02-01	49
2012-05-10	22
2010-02-07	68
2011-05-28	39
2010-02-05	52
2010-02-04	31
2011-05-25	70
2011-05-24	70
2011-05-27	64
2011-05-26	67
2011-05-21	53
2011-05-20	36
2011-05-23	75
2010-10-16	93
2007-09-24	147
2003-11-28	1
2003-11-21	2
2003-11-20	10
2003-11-23	11
2012-05-14	14
2003-11-25	6
2003-11-24	3
2003-11-27	8
2012-07-14	25
2004-05-11	5
2009-08-18	84
2010-03-19	57
2013-06-07	13
2012-04-30	40
2009-10-19	41
2009-10-18	41
2009-10-15	49
2009-10-14	53
2009-10-17	54
2009-10-16	44
2009-10-11	75
2009-10-10	65
2009-10-13	43
2009-10-12	46
2010-02-24	36
2006-11-20	79
2006-05-24	120
2006-11-22	66
2004-02-09	3
2007-03-01	64
2007-03-02	67
2007-03-03	73
2007-03-04	104
2007-03-05	113
2007-03-06	75
2007-03-07	109
2007-03-08	107
2006-11-24	72
2007-09-27	113
2009-04-23	43
2006-11-25	124
2009-04-22	30
2006-11-26	160
2009-04-25	79
2006-11-27	141
2006-02-28	61
2012-06-01	14
2010-10-08	45
2010-10-09	58
2010-10-04	70
2010-10-05	59
2010-10-06	29
2010-10-07	55
2010-10-01	64
2010-10-02	67
2010-10-03	40
2012-11-05	31
2012-11-04	55
2012-11-07	22
2012-11-06	33
2012-11-01	15
2012-11-03	48
2012-11-02	18
2009-05-17	99
2009-07-28	227
2009-05-15	83
2009-05-14	68
2012-11-09	20
2009-05-12	61
2009-05-11	60
2009-05-10	100
2008-06-28	75
2008-06-29	76
2009-06-09	59
2009-06-08	52
2012-12-28	24
2012-12-29	58
2009-06-05	35
2008-06-23	81
2008-06-20	93
2008-06-21	48
2008-06-26	106
2012-12-23	25
2012-12-20	15
2008-06-25	95
2004-11-18	2
2003-05-21	2
2003-05-29	2
2013-06-08	13
2013-05-16	12
2007-10-31	141
2013-05-14	23
2002-03-20	15
2013-05-12	39
2013-05-13	10
2013-05-10	12
2007-10-30	133
2002-03-27	1
2013-05-18	11
2013-05-19	17
2005-01-26	3
2005-01-27	6
2005-01-24	17
2005-01-25	16
2005-01-22	6
2005-01-23	8
2005-01-20	3
2004-11-12	11
2005-01-28	3
2005-01-29	10
2003-01-20	1
2003-01-21	3
2003-01-23	2
2003-01-24	6
2003-01-28	2
2004-11-23	10
2007-08-27	258
2007-08-26	244
2007-08-25	274
2007-08-24	204
2007-08-23	239
2007-08-22	303
2007-08-21	280
2007-08-20	366
2009-11-02	52
2007-05-30	155
2007-08-29	186
2007-08-28	230
2008-05-02	74
2004-10-30	3
2004-11-20	4
2011-10-19	65
2004-10-31	6
2012-03-31	25
2008-11-01	48
2008-11-02	67
2008-11-03	45
2008-11-04	60
2008-11-05	38
2008-11-06	57
2012-08-20	22
2008-11-08	34
2008-11-09	76
2005-07-04	29
2004-05-30	10
2004-05-31	32
2012-08-22	15
2004-11-21	9
2012-08-25	22
2013-02-11	19
2005-07-03	35
2002-09-20	5
2005-07-01	22
2014-03-13	4
2004-11-26	6
2014-03-11	9
2009-01-19	55
2014-03-10	10
2009-01-13	61
2009-01-12	62
2009-01-11	68
2009-01-10	79
2009-01-17	66
2009-01-16	45
2009-01-15	46
2009-01-14	47
2009-06-13	55
2008-12-29	58
2008-12-28	44
2008-12-27	44
2008-12-26	31
2008-12-25	35
2008-12-24	54
2008-12-23	68
2008-12-22	96
2008-12-21	50
2008-12-20	57
2013-01-12	22
2013-01-13	14
2013-01-10	32
2013-01-11	31
2013-01-16	17
2013-01-17	11
2013-01-14	8
2013-01-15	15
2013-01-18	49
2013-01-19	13
2014-03-28	30
2014-03-29	21
2014-03-22	17
2014-03-23	39
2014-03-20	7
2001-12-21	1
2014-03-26	18
2014-03-27	18
2014-03-24	7
2014-03-25	41
2014-09-25	13
2005-05-22	39
2005-05-23	19
2005-05-20	6
2005-05-21	11
2005-05-26	20
2005-05-27	11
2005-05-24	34
2005-05-25	23
2011-02-24	54
2011-02-25	46
2005-05-28	12
2005-05-29	19
2011-02-20	48
2011-02-21	48
2011-02-22	57
2011-02-23	35
2014-09-29	11
2003-09-30	2
2010-06-09	34
2006-06-30	118
2010-06-07	68
2010-06-06	62
2010-06-05	58
2010-06-04	54
2010-06-03	23
2010-06-02	79
2010-06-01	60
2012-03-08	19
2012-03-09	14
2012-03-02	24
2012-03-03	40
2012-03-01	32
2012-03-06	26
2012-03-07	30
2012-03-04	46
2012-03-05	50
2002-05-24	1
2005-06-09	13
2005-06-08	21
2011-01-09	104
2011-01-08	80
2013-02-17	21
2013-02-16	19
2013-02-15	9
2013-02-14	14
2005-06-01	19
2011-01-02	125
2013-02-19	30
2005-06-02	11
2011-01-07	93
2005-06-04	33
2005-06-07	13
2011-01-04	110
2005-10-02	44
2005-10-03	44
2005-10-01	42
2005-10-06	71
2005-10-07	60
2005-10-04	60
2005-10-05	57
2013-05-09	4
2005-10-08	43
2005-10-09	30
2002-07-08	5
2010-01-12	62
2004-08-30	2
2004-01-29	5
2014-08-18	14
2014-08-19	14
2014-08-12	10
2014-08-13	8
2014-08-10	33
2014-08-11	9
2014-08-16	12
2014-08-17	12
2014-08-14	22
2014-08-15	7
2011-05-10	61
2011-05-11	67
2011-05-12	58
2011-05-13	43
2011-05-14	68
2010-02-12	83
2011-05-16	87
2011-05-17	57
2011-05-18	47
2011-05-19	63
2010-02-13	34
2014-11-21	23
2014-11-20	15
2014-11-22	4
2003-11-18	2
2012-12-16	24
2010-10-22	52
2011-06-14	59
2003-11-15	10
2003-11-16	2
2003-11-17	13
2003-11-11	20
2003-11-12	13
2003-11-13	5
2004-02-27	7
2012-07-06	33
2012-12-15	13
2012-04-29	32
2012-04-28	37
2012-04-25	16
2012-04-24	50
2012-04-27	43
2012-04-26	32
2012-04-21	23
2012-04-20	32
2012-04-23	41
2012-04-22	60
2009-10-20	42
2011-06-29	91
2007-10-19	105
2007-10-18	106
2009-10-24	110
2009-10-25	55
2009-10-26	48
2009-10-27	35
2007-10-13	120
2007-10-12	111
2007-10-11	109
2007-10-10	136
2007-10-17	110
2011-06-25	96
2007-10-15	99
2007-10-14	131
2011-10-12	32
2011-10-13	22
2006-07-18	66
2006-07-19	64
2011-10-16	47
2011-10-17	41
2011-10-14	37
2011-10-15	46
2006-07-12	61
2006-07-13	60
2006-07-10	89
2006-07-11	155
2006-07-16	67
2006-07-17	86
2006-07-14	75
2006-07-15	48
2007-03-17	118
2007-03-16	103
2007-03-15	67
2007-03-14	93
2007-03-13	93
2007-03-12	94
2007-03-11	105
2007-03-10	80
2009-08-22	70
2013-06-30	10
2007-03-19	146
2007-03-18	149
2008-05-07	42
2013-10-30	10
2013-10-31	5
2010-10-13	57
2012-07-07	27
2012-07-04	28
2012-07-05	46
2010-10-17	122
2012-07-03	21
2010-10-15	69
2010-10-14	66
2010-10-19	68
2010-10-18	70
2012-12-12	44
2012-07-08	38
2012-07-09	21
2011-06-10	43
2002-04-22	3
2007-01-26	130
2008-12-09	83
2012-07-02	19
2012-12-11	33
2011-06-13	97
2009-06-30	108
2007-01-27	65
2008-06-30	102
2003-05-31	2
2003-05-30	12
2012-12-31	23
2012-12-30	25
2012-12-10	39
2011-12-28	32
2013-05-05	23
2013-05-04	14
2013-05-07	16
2013-05-06	30
2013-05-01	10
2013-08-30	10
2013-05-03	16
2013-05-02	15
2002-07-09	2
2013-05-08	16
2005-01-31	1
2005-01-30	3
2011-12-26	44
2013-06-28	22
2013-06-29	11
2013-06-26	26
2013-06-27	27
2013-06-24	22
2013-06-25	26
2013-06-22	13
2013-06-23	26
2013-06-20	21
2013-06-21	17
2012-03-30	40
2009-10-28	38
2012-06-11	34
2012-11-30	55
2010-05-24	38
2004-08-17	40
2010-05-25	57
